Chesham,,2021-11-15 05:30:00
Chalfont & Latimer,2021-11-15T05:38:00,2021-11-15 05:46:00
Amersham,2021-11-15T06:04:00,2021-11-15 06:08:00
Moor Park,2021-11-15T06:09:00,2021-11-15 06:27:00
Watford,2021-11-15T06:28:00,2021-11-15 06:35:00
Moor Park,2021-11-15T06:39:00,2021-11-15 06:47:00
North Harrow,2021-11-15T06:48:00,2021-11-15 06:57:00
Rayners Lane,,2021-11-15 07:07:00
Ealing Common,2021-11-15T07:11:00,2021-11-15 07:32:00
Ealing Broadway,2021-11-15T07:42:00,2021-11-15 07:45:00
White City,2021-11-15T07:48:00,2021-11-15 07:58:00
West Ruislip,2021-11-15T08:02:00,2021-11-15 08:24:00
Ickenham,,2021-11-15 08:39:00
Uxbridge,2021-11-15T08:42:00,2021-11-15 08:46:00
Rayners Lane,2021-11-15T08:51:00,2021-11-15 09:05:00
Harrow-on-the-Hill,2021-11-15T09:11:00,2021-11-15 09:15:00
Preston Road,2021-11-15T09:18:00,2021-11-15 09:22:00
Northwick Park,2021-11-15T09:26:00,2021-11-15 09:28:00
Kenton,,2021-11-15 09:38:00
Harrow & Wealdstone,2021-11-15T09:38:00,2021-11-15 09:40:00
Elephant & Castle,2021-11-15T09:46:00,2021-11-15 10:36:00
London Bridge,2021-11-15T10:37:00,2021-11-15 10:40:00
Southwark,2021-11-15T10:41:00,2021-11-15 10:42:00
West Ham,2021-11-15T10:42:00,2021-11-15 10:56:00
Upminster,2021-11-15T10:58:00,2021-11-15 11:26:00
Tower Hill,2021-11-15T11:29:00,2021-11-15 12:12:00
Aldgate,2021-11-15T12:16:00,2021-11-15 12:18:00
Sloane Square,2021-11-15T12:24:00,2021-11-15 12:44:00
Victoria,2021-11-15T12:44:00,2021-11-15 12:45:00
Brixton,2021-11-15T12:46:00,2021-11-15 12:53:00
Stockwell,2021-11-15T12:54:00,2021-11-15 12:56:00
Kennington,2021-11-15T12:57:00,2021-11-15 13:01:00
Morden,2021-11-15T13:02:00,2021-11-15 13:22:00
Wimbledon,,2021-11-15 13:42:00
Earl's Court,2021-11-15T13:46:00,2021-11-15 14:04:00
Kensington (Olympia),,2021-11-15 14:07:00
Shepherd's Bush (Central),,2021-11-15 14:27:00
Leytonstone,2021-11-15T14:27:00,2021-11-15 15:02:00
Hainault,2021-11-15T15:05:00,2021-11-15 15:21:00
Woodford,2021-11-15T15:30:00,2021-11-15 15:39:00
Epping,2021-11-15T15:46:00,2021-11-15 16:01:00
Snaresbrook,2021-11-15T16:08:00,2021-11-15 16:28:00
Walthamstow Central,,2021-11-15 16:58:00
Warren Street,2021-11-15T16:58:00,2021-11-15 17:16:00
Goodge Street,,2021-11-15 17:26:00
Edgware,2021-11-15T17:27:00,2021-11-15 17:56:00
Canons Park,,2021-11-15 18:16:00
Stanmore,2021-11-15T18:17:00,2021-11-15 18:19:00
Baker Street,,2021-11-15 18:46:00
Moorgate,2021-11-15T18:46:00,2021-11-15 18:58:00
Camden Town,2021-11-15T18:58:00,2021-11-15 19:09:00
Finchley Central,2021-11-15T19:09:00,2021-11-15 19:22:00
Mill Hill East,2021-11-15T19:29:00,2021-11-15 19:31:00
Finchley Central,2021-11-15T19:34:00,2021-11-15 19:36:00
High Barnet,2021-11-15T19:38:00,2021-11-15 19:48:00
Cockfosters,,2021-11-15 20:18:00
South Kensington,,2021-11-15 21:03:00
Edgware Road (Circle Line),2021-11-15T21:09:00,2021-11-15 21:21:00
Hammersmith (H&C Line),2021-11-15T21:25:00,2021-11-15 21:41:00
Hammersmith (Dist&Picc Line),,2021-11-15 21:51:00
West Kensington,2021-11-15T21:53:00,2021-11-15 21:56:00
Richmond,,2021-11-15 22:14:00
Turnham Green,,2021-11-15 22:23:00
Acton Town,,2021-11-15 22:28:00
Hatton Cross,,2021-11-15 22:51:00
Heathrow Terminal 4,,2021-11-15 22:54:00
Hatton Cross,,2021-11-15 22:57:00
Heathrow Terminal 5,,2021-11-15 23:05:00